TENURE,Chart_11,Chart_12,Chart_14,Chart_24,Chart_3,Chart_4,Chart_8,Closure_101,Closure_102,Closure_104,Closure_11,Closure_115,Closure_123,Closure_126,Closure_128,Closure_13,Closure_14,Closure_18,Closure_2,Closure_21,Closure_31,Closure_38,Closure_40,Closure_46,Closure_6,Closure_62,Closure_63,Closure_70,Closure_73,Closure_86,Closure_9,Closure_92,Closure_93,Lang_10,Lang_16,Lang_21,Lang_24,Lang_33,Lang_38,Lang_39,Lang_4,Lang_43,Lang_46,Lang_47,Lang_55,Lang_57,Lang_59,Lang_6,Lang_7,Math_11,Math_2,Math_22,Math_30,Math_34,Math_35,Math_4,Math_5,Math_50,Math_52,Math_56,Math_58,Math_59,Math_65,Math_70,Math_75,Math_77,Math_79,Math_82,Math_89,Math_94,Math_98,Mockito_22,Mockito_26,Mockito_29,Mockito_38,Time_19,Time_26,Time_4,Time_7
KNOD,Chart_1,Chart_4,Chart_8,Chart_9,Chart_10,Chart_11,Chart_12,Chart_14,Chart_20,Chart_26,Closure_1,Closure_5,Closure_10,Closure_11,Closure_14,Closure_15,Closure_18,Closure_19,Closure_38,Closure_40,Closure_46,Closure_52,Closure_62,Closure_70,Closure_73,Closure_77,Closure_86,Closure_92,Closure_118,Closure_119,Closure_123,Closure_125,Closure_126,Lang_6,Lang_10,Lang_21,Lang_29,Lang_33,Lang_38,Lang_43,Lang_51,Lang_57,Lang_59,Lang_61,Math_5,Math_11,Math_27,Math_30,Math_33,Math_34,Math_41,Math_50,Math_56,Math_57,Math_58,Math_59,Math_65,Math_70,Math_75,Math_80,Math_82,Math_85,Math_94,Math_98,Mockito_5,Mockito_8,Mockito_22,Mockito_29,Mockito_38,Time_4,Time_19
RewardRepair,Chart_1,Chart_11,Chart_12,Chart_24,Chart_9,Closure_1,Closure_10,Closure_101,Closure_104,Closure_11,Closure_126,Closure_18,Closure_31,Closure_38,Closure_57,Closure_62,Closure_70,Closure_73,Closure_86,Closure_92,Lang_21,Lang_29,Lang_33,Lang_45,Lang_57,Lang_59,Lang_6,Math_104,Math_105,Math_11,Math_2,Math_27,Math_30,Math_33,Math_34,Math_41,Math_5,Math_50,Math_57,Math_59,Math_70,Math_75,Math_80,Math_82,Math_85,Math_94,Mockito_26,Mockito_38,Mockito_5,Time_19
AlphaRepair,Chart_1,Chart_8,Chart_9,Chart_11,Chart_24,Closure_10,Closure_18,Closure_31,Closure_57,Closure_62,Closure_70,Closure_73,Closure_86,Closure_92,Closure_125,Lang_6,Lang_24,Lang_33,Lang_29,Lang_59,Lang_61,Math_5,Math_30,Math_41,Math_57,Math_58,Math_59,Math_63,Math_65,Math_70,Math_75,Math_80,Math_82,Math_85,Math_94,Mockito_34,Mockito_26,Time_19,Lang_51,Lang_55,Lang_45,Closure_19,Closure_77,Chart_26,Closure_2,Closure_21,Closure_46,Chart_4,Lang_43,Chart_12,Closure_11,Closure_38,Closure_101,Closure_109,Closure_115,Math_2,Math_11,Math_34,Math_50,Math_90,Mockito_29,Mockito_38,Time_4,Time_7,Closure_126,Lang_7,Mockito_18,Lang_10,Closure_66,Closure_40,Lang_4,Math_98,Chart_14,Math_96,,,,
ChatRepair,Chart_1,Chart_10,Chart_11,Chart_12,Chart_13,Chart_17,Chart_20,Chart_24,Chart_26,Chart_4,Chart_5,Chart_6,Chart_7,Chart_8,Chart_9,Closure_10,Closure_101,Closure_102,Closure_104,Closure_11,Closure_119,Closure_124,Closure_125,Closure_126,Closure_128,Closure_13,Closure_15,Closure_18,Closure_19,Closure_2,Closure_20,Closure_31,Closure_33,Closure_36,Closure_38,Closure_44,Closure_5,Closure_52,Closure_56,Closure_57,Closure_61,Closure_62,Closure_65,Closure_67,Closure_70,Closure_73,Closure_77,Closure_78,Closure_83,Closure_86,Closure_92,Closure_97,Lang_11,Lang_16,Lang_21,Lang_24,Lang_26,Lang_27,Lang_28,Lang_29,Lang_33,Lang_38,Lang_39,Lang_40,Lang_43,Lang_44,Lang_45,Lang_51,Lang_52,Lang_55,Lang_57,Lang_59,Lang_61,Math_10,Math_105,Math_106,Math_11,Math_2,Math_27,Math_3,Math_30,Math_33,Math_34,Math_41,Math_45,Math_5,Math_50,Math_53,Math_56,Math_57,Math_58,Math_59,Math_69,Math_70,Math_72,Math_73,Math_79,Math_80,Math_82,Math_85,Math_89,Math_91,Math_94,Math_95,Math_96,Mockito_12,Mockito_22,Mockito_24,Mockito_29,Mockito_34,Mockito_38,Time_15,Time_16,Time_4
ThinkRepair,Chart_1,Chart_10,Chart_11,Chart_13,Chart_17,Chart_20,Chart_24,Chart_4,Chart_7,Chart_8,Chart_9,Closure_101,Closure_102,Closure_104,Closure_105,Closure_11,Closure_119,Closure_122,Closure_124,Closure_126,Closure_128,Closure_13,Closure_131,Closure_14,Closure_18,Closure_19,Closure_20,Closure_31,Closure_38,Closure_44,Closure_51,Closure_52,Closure_56,Closure_57,Closure_62,Closure_73,Closure_77,Closure_78,Closure_83,Closure_86,Closure_92,Closure_97,Lang_11,Lang_14,Lang_16,Lang_17,Lang_21,Lang_24,Lang_28,Lang_29,Lang_33,Lang_40,Lang_42,Lang_43,Lang_45,Lang_51,Lang_52,Lang_55,Lang_58,Lang_59,Lang_61,Math_101,Math_105,Math_106,Math_11,Math_2,Math_26,Math_27,Math_3,Math_30,Math_34,Math_41,Math_5,Math_50,Math_56,Math_57,Math_59,Math_60,Math_69,Math_70,Math_72,Math_79,Math_80,Math_82,Math_85,Math_89,Math_91,Math_94,Mockito_13,Mockito_24,Mockito_29,Mockito_33,Mockito_34,Mockito_38,Time_15,Time_16,Time_19,Time_20
Mulpo,Chart_1,Chart_4,Chart_7,Chart_8,Chart_9,Chart_10,Chart_11,Chart_12,Chart_14,Chart_16,Chart_19,Chart_24,Chart_26,Time_3,Time_19,Time_23,Time_26,Mockito_4,Mockito_5,Mockito_8,Mockito_22,Mockito_26,Mockito_29,Mockito_38,Lang_4,Lang_6,Lang_16,Lang_20,Lang_24,Lang_26,Lang_33,Lang_35,Lang_43,Lang_44,Lang_45,Lang_47,Lang_51,Lang_55,Lang_57,Lang_58,Lang_59,Lang_60,Lang_61,Math_2,Math_4,Math_5,Math_11,Math_22,Math_26,Math_30,Math_34,Math_35,Math_41,Math_49,Math_57,Math_70,Math_72,Math_75,Math_79,Math_80,Math_85,Math_89,Math_94,Math_96,Math_98,Math_100,Closure_4,Closure_6,Closure_7,Closure_10,Closure_11,Closure_15,Closure_18,Closure_31,Closure_38,Closure_40,Closure_46,Closure_66,Closure_70,Closure_73,Closure_75,Closure_78,Closure_86,Closure_92,Closure_93,Closure_102,Closure_115,Closure_118,Closure_124,Closure_125,Closure_126,Closure_128
Gamma,Chart_1,Chart_4,Chart_7,Chart_8,Chart_9,Chart_11,Chart_12,Chart_14,Chart_19,Chart_24,Chart_26,Closure_6,Closure_7,Closure_10,Closure_11,Closure_13,Closure_18,Closure_31,Closure_38,Closure_40,Closure_46,Closure_52,Closure_62,Closure_63,Closure_70,Closure_73,Closure_78,Closure_86,Closure_92,Closure_93,Closure_102,Closure_115,Closure_125,Closure_126,Closure_128,Lang_4,Lang_6,Lang_7,Lang_10,Lang_20,Lang_24,Lang_26,Lang_33,Lang_34,Lang_43,Lang_47,Lang_51,Lang_57,Lang_58,Lang_59,Lang_60,Math_4,Math_5,Math_11,Math_22,Math_27,Math_30,Math_34,Math_46,Math_49,Math_50,Math_57,Math_58,Math_59,Math_63,Math_65,Math_70,Math_72,Math_75,Math_79,Math_80,Math_82,Math_85,Math_89,Math_94,Math_98,Mockito_26,Mockito_29,Mockito_38,Time_3,Time_19,Time_26,
PReMM,Chart_1,Chart_10,Chart_11,Chart_12,Chart_13,Chart_14,Chart_15,Chart_16,Chart_17,Chart_18,Chart_19,Chart_20,Chart_21,Chart_24,Chart_25,Chart_26,Chart_4,Chart_5,Chart_6,Chart_7,Chart_8,Chart_9,Closure_10,Closure_101,Closure_104,Closure_11,Closure_119,Closure_122,Closure_124,Closure_125,Closure_126,Closure_128,Closure_13,Closure_131,Closure_18,Closure_19,Closure_31,Closure_38,Closure_40,Closure_44,Closure_51,Closure_52,Closure_53,Closure_56,Closure_57,Closure_59,Closure_62,Closure_63,Closure_65,Closure_66,Closure_7,Closure_77,Closure_8,Closure_80,Closure_88,Closure_9,Closure_97,Lang_1,Lang_13,Lang_14,Lang_16,Lang_18,Lang_19,Lang_21,Lang_22,Lang_24,Lang_26,Lang_27,Lang_28,Lang_3,Lang_31,Lang_33,Lang_35,Lang_37,Lang_38,Lang_39,Lang_4,Lang_42,Lang_43,Lang_45,Lang_48,Lang_5,Lang_50,Lang_51,Lang_53,Lang_55,Lang_59,Lang_60,Lang_61,Lang_62,Lang_63,Lang_7,Lang_8,Math_10,Math_100,Math_105,Math_106,Math_11,Math_15,Math_19,Math_2,Math_22,Math_23,Math_26,Math_27,Math_3,Math_30,Math_35,Math_38,Math_4,Math_41,Math_49,Math_5,Math_50,Math_56,Math_57,Math_59,Math_70,Math_71,Math_72,Math_73,Math_77,Math_8,Math_80,Math_82,Math_85,Math_89,Math_91,Math_93,Math_94,Math_95,Math_96,Math_97,Math_98,Mockito_1,Mockito_12,Mockito_22,Mockito_24,Mockito_29,Mockito_31,Mockito_33,Mockito_34,Mockito_38,Time_13,Time_15,Time_16,Time_20