﻿D4JV1,D4JV2,Bugs.jar,QuixBugs,
1,Math_57(Identical),JacksonXml_5(Identical),wicket_813d8bee(Identical),BITCOUNT(Identical)
2,Math_5(Identical),JacksonDatabind_17(Identical),wicket_ad849602(Identical),NEXT_PERMUTATION(Identical)
3,Math_41(Identical),Codec_8(Identical),wicket_c250db9c(Identical),HANOI(Identical)
4,Time_19(Identical),Cli_19(Identical),camel_2e985f9b(Identical),RPN_EVAL(Identical)
5,Math_30(Identical),JacksonCore_25(Identical),logging-log4j2_8dead3bb(Identical),WRAP(Identical)
6,Math_82(Identical),JxPath_16(Identical),wicket_3feb0e3a(Identical),FIND_FIRST_IN_SORTED(Identical)
7,Lang_29(Identical),JacksonDatabind_99(Identical),jackrabbit-oak_17032c50(Identical),MERGESORT(Identical)
8,Math_59(Identical),Compress_31(Identical),accumulo_3d55560a(Identical),FIND_IN_SORTED(Identical)
9,Math_34(Identical),Jsoup_52(Identical),wicket_1b7afefc(Identical),LEVENSHTEIN(Identical)
10,Lang_45(Identical),Jsoup_68(Identical),camel_c408c3ed(Identical),KNAPSACK(Identical)
11,Math_70(Identical),Codec_1(Identical),wicket_afc7034d(Identical),DEPTH_FIRST_SEARCH(Identical)
12,Closure_101(Identical),JacksonDatabind_102(Identical),commons-math_a56d4998(Identical),REVERSE_LINKED_LIST(Identical)
13,Chart_12(Identical),JacksonDatabind_76(Identical),flink_d90672fd(Identical),TOPOLOGICAL_ORDERING(Identical)
14,Lang_21(Identical),JacksonDatabind_57(Identical),jackrabbit-oak_73cc2442(Identical),QUICKSORT(Identical)
15,Lang_59(Identical),Csv_9(Identical),accumulo_efef09b0(Identical),NEXT_PALINDROME(Identical)
16,Closure_73(Identical),JxPath_10(Identical),camel_06a8489a(Identical),GCD(Identical)
17,Math_85(Identical),Cli_8(Identical),commons-math_6d6649ef(Identical),PASCAL(Identical)
18,Closure_62(Identical),JacksonDatabind_27(Identical),wicket_2293764f(Identical),SIEVE(Identical)
19,Chart_24(Identical),Compress_14(Identical),wicket_2b1ce91d(Identical),LONGEST_COMMON_SUBSEQUENCE(Identical)
20,Closure_86(Identical),Codec_17(Identical),logging-log4j2_3f1e0fdc(Identical),POSSIBLE_CHANGE(SemanticalEquivalent)
21,Closure_70(Identical),Jsoup_39(Identical),jackrabbit-oak_24f7f60a(Identical),KTH(SemanticalEquivalent)
22,Closure_18(Identical),Cli_28(Identical),flink_a5b05566(Identical),DETECT_CYCLE(SemanticalEquivalent)
23,Closure_104(Identical),JacksonDatabind_49(Identical),wicket_a4caaa57(Identical),
24,Chart_11(Identical),Csv_11(Identical),jackrabbit-oak_2a489d05(Identical),
25,Math_27(Identical),Jsoup_24(Identical),commons-math_63a48705(Identical),
26,Math_11(Identical),Cli_25(Identical),jackrabbit-oak_459bd065(Identical),
27,Lang_6(Identical),JacksonCore_5(Identical),camel_e7ac45b6(Identical),
28,Closure_57(Identical),Cli_5(Identical),camel_57ba1bde(Identical),
29,Math_2(Identical),Jsoup_43(Identical),wicket_ccb8fc9e(Identical),
30,Closure_31(Identical),Codec_7(Identical),logging-log4j2_17296089(Identical),
31,Lang_33(Identical),JxPath_5(Identical),flink_dc78a747(Identical),
32,Mockito_26(Identical),Jsoup_55(Identical),wicket_917dd2b5(Identical),
33,Math_33(Identical),Codec_2(Identical),wicket_b76f9c44(Identical),
34,Math_75(Identical),Jsoup_57(Identical),wicket_2f1ece4b(Identical),
35,Math_94(Identical),Cli_32(Identical),wicket_e93fdd5a(Identical),
36,Math_80(Identical),Compress_27(Identical),maven_bef7fac6(Identical),
37,Mockito_5(Identical),Cli_27(Identical),jackrabbit-oak_6d82cb64(Identical),
38,Closure_11(Identical),JxPath_1(Identical),wicket_7da4ad17(Identical),
39,Chart_1(Identical),Codec_3(Identical),logging-log4j2_0bea17d7(Identical),
40,Closure_1(Identical),Jsoup_49(Identical),commons-math_83f18d52(Identical),
41,Math_50(Identical),JacksonDatabind_13(Identical),camel_1cab39f6(Identical),
42,Closure_126(Identical),Cli_17(Identical),wicket_ffdd0864(Identical),
43,Closure_10(Identical),Gson_6(Identical),commons-math_6dd3724b(Identical),
44,Closure_92(Identical),Compress_19(Identical),camel_3f70d612(Identical),
45,Lang_57(Identical),JacksonDatabind_24(Identical),commons-math_1352a70f(Identical),
46,Closure_38(SemanticalEquivalent),Jsoup_86(Identical),wicket_fd910746(Identical),
47,Math_104(SemanticalEquivalent),JacksonDatabind_1(Identical),wicket_a382917f(Identical),
48,Math_105(SemanticalEquivalent),Csv_15(Identical),wicket_e1953357(Identical),
49,Chart_9(SemanticalEquivalent),JacksonDatabind_83(Identical),wicket_f1c0f263(Identical),
50,Mockito_38(SemanticalEquivalent),Jsoup_64(Identical),logging-log4j2_7bb1ad47(Identical),
51,,,wicket_2624d2db(Identical),
52,,,commons-math_a7363a2a(Identical),
53,,,accumulo_15e83709(Identical),
54,,,logging-log4j2_411dad65(Identical),
55,,,wicket_3d8c9d75(Identical),
56,,,accumulo_813109d7(Identical),
57,,,logging-log4j2_d8af1c93(Identical),
58,,,wicket_89184b79(Identical),
59,,,maven_ce6f0bfd(Identical),
60,,,jackrabbit-oak_9772f5b2(Identical),
61,,,commons-math_faf99727(Identical),
62,,,camel_cc192f87(Identical),
63,,,camel_6641f182(Identical),
64,,,flink_3e233a38(Identical),
65,,,accumulo_699b8bf0(Identical),
66,,,accumulo_0cf2ff72(Identical),
67,,,jackrabbit-oak_36e70bd7(Identical),
68,,,wicket_6cefb9f8(Identical),
69,,,jackrabbit-oak_d0f6715d(Identical),
70,,,jackrabbit-oak_daf9a4ef(Identical),
71,,,jackrabbit-oak_b2ca8baa(Identical),
72,,,flink_a402002d(Identical),
73,,,commons-math_cedf0d27(Identical),
74,,,jackrabbit-oak_8159fc21(Identical),
75,,,jackrabbit-oak_f2740ce1(Identical),
76,,,accumulo_a3267d3e(Identical),
77,,,wicket_beb9086d(Identical),
78,,,flink_a56aad74(Identical),
79,,,wicket_1858bc18(Identical),
80,,,commons-math_09fe956a(Identical),
81,,,commons-math_3f645310(Identical),
82,,,maven_c53d95ce(Identical),
83,,,jackrabbit-oak_57bd2dc5(Identical),
84,,,accumulo_2f0643a9(Identical),
85,,,jackrabbit-oak_557eec4f(Identical),
86,,,commons-math_0596e314(Identical),
87,,,accumulo_15476a0d(Identical),
88,,,camel_dd0f74c0(Identical),
89,,,camel_7c9326f4(Identical),
90,,,jackrabbit-oak_5138a1e2(Identical),
91,,,flink_8e3e2f8f(Identical),
92,,,commons-math_f4a4464b(Identical),
93,,,commons-math_ebc61de9(Identical),
94,,,camel_57f72cd9(Identical),
95,,,maven_712c4fff(Identical),
96,,,commons-math_ce126bdb(Identical),
97,,,jackrabbit-oak_8ed779dc(Identical),
98,,,jackrabbit-oak_94c6c575(Identical),
99,,,wicket_2d9ebf9a(Identical),
100,,,wicket_4f08e6f2(Identical),
101,,,wicket_8f7805f8(Identical),
102,,,accumulo_db4a291f(Identical),
103,,,commons-math_fb007815(Identical),
104,,,jackrabbit-oak_74f22886(Identical),
105,,,commons-math_ebadb558(Identical),
106,,,wicket_1485a856(Identical),
107,,,accumulo_b007b22e(Identical),
108,,,commons-math_b6bf8f41(Identical),
109,,,commons-math_d270055e(Identical),
110,,,jackrabbit-oak_86edbffb(Identical),
111,,,commons-math_19c1c3bb(Identical),
112,,,jackrabbit-oak_c2f5ca6c(Identical),
113,,,jackrabbit-oak_5286861d(Identical),